{
  "intents": [
    {
      "name": "Greeting"
    },
    {
      "name": "Help"
    },
    {
      "name": "Cancel"
    },
    {
      "name": "Restart"
    },
    {
      "name": "Escalate"
    },
    {
      "name": "ConfirmYes"
    },
    {
      "name": "ConfirmNo"
    },
    {
      "name": "ConfirmMore"
    },
    {
      "name": "Next"
    },
    {
      "name": "Goodbye"
    },
    {
      "name": "None"
    }
  ],
  "entities": [],
  "composites": [],
  "closedLists": [],
  "regex_entities": [],
  "model_features": [],
  "regex_features": [],
  "utterances": [
    {
      "text": "hi",
      "intent": "Greeting",
      "entities": []
    },
    {
      "text": "hello",
      "intent": "Greeting",
      "entities": []
    },
    {
      "text": "good morning",
      "intent": "Greeting",
      "entities": []
    },
    {
      "text": "good evening",
      "intent": "Greeting",
      "entities": []
    },
    {
      "text": "hello bot",
      "intent": "Greeting",
      "entities": []
    },
    {
      "text": "hiya",
      "intent": "Greeting",
      "entities": []
    },
    {
      "text": "how are you",
      "intent": "Greeting",
      "entities": []
    },
    {
      "text": "how are you today",
      "intent": "Greeting",
      "entities": []
    },
    {
      "text": "help",
      "intent": "Help",
      "entities": []
    },
    {
      "text": "help me",
      "intent": "Help",
      "entities": []
    },
    {
      "text": "help please",
      "intent": "Help",
      "entities": []
    },
    {
      "text": "i'm stuck",
      "intent": "Help",
      "entities": []
    },
    {
      "text": "i don't understand",
      "intent": "Help",
      "entities": []
    },
    {
      "text": "what can I say",
      "intent": "Help",
      "entities": []
    },
    {
      "text": "what can you help me with",
      "intent": "Help",
      "entities": []
    },
    {
      "text": "what can you do",
      "intent": "Help",
      "entities": []
    },
    {
      "text": "what do i do now",
      "intent": "Help",
      "entities": []
    },
    {
      "text": "why doesn't this work",
      "intent": "Help",
      "entities": []
    },
    {
      "text": "can you help me",
      "intent": "Help",
      "entities": []
    },
    {
      "text": "stop",
      "intent": "Cancel",
      "entities": []
    },
    {
      "text": "abort",
      "intent": "Cancel",
      "entities": []
    },
    {
      "text": "cancel",
      "intent": "Cancel",
      "entities": []
    },
    {
      "text": "disregard",
      "intent": "Cancel",
      "entities": []
    },
    {
      "text": "don't",
      "intent": "Cancel",
      "entities": []
    },
    {
      "text": "don't do it",
      "intent": "Cancel",
      "entities": []
    },
    {
      "text": "don't do that",
      "intent": "Cancel",
      "entities": []
    },
    {
      "text": "i would like to cancel",
      "intent": "Cancel",
      "entities": []
    },
    {
      "text": "never mind",
      "intent": "Cancel",
      "entities": []
    },
    {
      "text": "please stop",
      "intent": "Cancel",
      "entities": []
    },
    {
      "text": "can i do that again",
      "intent": "Restart",
      "entities": []
    },
    {
      "text": "go back",
      "intent": "Restart",
      "entities": []
    },
    {
      "text": "i need to change something",
      "intent": "Restart",
      "entities": []
    },
    {
      "text": "restart",
      "intent": "Restart",
      "entities": []
    },
    {
      "text": "start over",
      "intent": "Restart",
      "entities": []
    },
    {
      "text": "undo",
      "intent": "Restart",
      "entities": []
    },
    {
      "text": "can i talk to a person",
      "intent": "Escalate",
      "entities": []
    },
    {
      "text": "i want to talk to a human",
      "intent": "Escalate",
      "entities": []
    },
    {
      "text": "talk to a human",
      "intent": "Escalate",
      "entities": []
    },
    {
      "text": "transfer me please",
      "intent": "Escalate",
      "entities": []
    },
    {
      "text": "contact support",
      "intent": "Escalate",
      "entities": []
    },
    {
      "text": "absolutely",
      "intent": "ConfirmYes",
      "entities": []
    },
    {
      "text": "sure",
      "intent": "ConfirmYes",
      "entities": []
    },
    {
      "text": "definitely",
      "intent": "ConfirmYes",
      "entities": []
    },
    {
      "text": "for sure",
      "intent": "ConfirmYes",
      "entities": []
    },
    {
      "text": "i think so",
      "intent": "ConfirmYes",
      "entities": []
    },
    {
      "text": "let's do it",
      "intent": "ConfirmYes",
      "entities": []
    },
    {
      "text": "let's do that",
      "intent": "ConfirmYes",
      "entities": []
    },
    {
      "text": "oh yes",
      "intent": "ConfirmYes",
      "entities": []
    },
    {
      "text": "yes please",
      "intent": "ConfirmYes",
      "entities": []
    },
    {
      "text": "okay",
      "intent": "ConfirmYes",
      "entities": []
    },
    {
      "text": "ok",
      "intent": "ConfirmYes",
      "entities": []
    },
    {
      "text": "sure thing",
      "intent": "ConfirmYes",
      "entities": []
    },
    {
      "text": "yeah",
      "intent": "ConfirmYes",
      "entities": []
    },
    {
      "text": "yeah that would be great thanks",
      "intent": "ConfirmYes",
      "entities": []
    },
    {
      "text": "why not",
      "intent": "ConfirmYes",
      "entities": []
    },
    {
      "text": "yep that's right",
      "intent": "ConfirmYes",
      "entities": []
    },
    {
      "text": "yup",
      "intent": "ConfirmYes",
      "entities": []
    },
    {
      "text": "by no means",
      "intent": "ConfirmNo",
      "entities": []
    },
    {
      "text": "nah",
      "intent": "ConfirmNo",
      "entities": []
    },
    {
      "text": "nope",
      "intent": "ConfirmNo",
      "entities": []
    },
    {
      "text": "no thanks",
      "intent": "ConfirmNo",
      "entities": []
    },
    {
      "text": "no",
      "intent": "ConfirmNo",
      "entities": []
    },
    {
      "text": "no that's okay",
      "intent": "ConfirmNo",
      "entities": []
    },
    {
      "text": "no way",
      "intent": "ConfirmNo",
      "entities": []
    },
    {
      "text": "not at all",
      "intent": "ConfirmNo",
      "entities": []
    },
    {
      "text": "not really",
      "intent": "ConfirmNo",
      "entities": []
    },
    {
      "text": "not right now thanks",
      "intent": "ConfirmNo",
      "entities": []
    },
    {
      "text": "more",
      "intent": "ConfirmMore",
      "entities": []
    },
    {
      "text": "i would like to know more",
      "intent": "ConfirmMore",
      "entities": []
    },
    {
      "text": "show me more",
      "intent": "ConfirmMore",
      "entities": []
    },
    {
      "text": "more",
      "intent": "ConfirmMore",
      "entities": []
    },
    {
      "text": "more info",
      "intent": "ConfirmMore",
      "entities": []
    },
    {
      "text": "more information",
      "intent": "ConfirmMore",
      "entities": []
    },
    {
      "text": "advance",
      "intent": "Next",
      "entities": []
    },
    {
      "text": "go forward",
      "intent": "Next",
      "entities": []
    },
    {
      "text": "go to next",
      "intent": "Next",
      "entities": []
    },
    {
      "text": "next",
      "intent": "Next",
      "entities": []
    },
    {
      "text": "next item",
      "intent": "Next",
      "entities": []
    },
    {
      "text": "show next",
      "intent": "Next",
      "entities": []
    },
    {
      "text": "good night",
      "intent": "Goodbye",
      "entities": []
    },
    {
      "text": "goodbye",
      "intent": "Goodbye",
      "entities": []
    },
    {
      "text": "bye",
      "intent": "Goodbye",
      "entities": []
    },
    {
      "text": "ok thanks",
      "intent": "Goodbye",
      "entities": []
    },
    {
      "text": "ok bye",
      "intent": "Goodbye",
      "entities": []
    },
    {
      "text": "that's it thanks",
      "intent": "Goodbye",
      "entities": []
    },
    {
      "text": "my water bottle is green",
      "intent": "None",
      "entities": []
    },
    {
      "text": "turtles like to swim in the ocean",
      "intent": "None",
      "entities": []
    },
    {
      "text": "paper planes in the sky",
      "intent": "None",
      "entities": []
    }
  ],
  "patterns": [],
  "patternAnyEntities": [],
  "prebuiltEntities": [
    {
      "name": "datetimeV2",
      "roles": []
    },
    {
      "name": "number",
      "roles": []
    }
  ],
  "luis_schema_version": "3.0.0",
  "versionId": "0.1",
  "name": "EnterpriseBot_General",
  "desc": "",
  "culture": "en-us"
}