{
  "intents": [
    {
      "name": "Greeting"
    },
    {
      "name": "Help"
    },
    {
      "name": "Cancel"
    },
    {
      "name": "Restart"
    },
    {
      "name": "Escalate"
    },
    {
      "name": "ConfirmYes"
    },
    {
      "name": "ConfirmNo"
    },
    {
      "name": "ConfirmMore"
    },
    {
      "name": "Next"
    },
    {
      "name": "Goodbye"
    },
    {
      "name": "None"
    }
  ],
  "entities": [],
  "composites": [],
  "closedLists": [],
  "regex_entities": [],
  "model_features": [],
  "regex_features": [],
  "utterances": [
    {
      "text": "Hola",
      "intent": "Greeting",
      "entities": []
    },
    {
      "text": "Hola",
      "intent": "Greeting",
      "entities": []
    },
    {
      "text": "Buenos días",
      "intent": "Greeting",
      "entities": []
    },
    {
      "text": "Buenas noches",
      "intent": "Greeting",
      "entities": []
    },
    {
      "text": "Hola bot",
      "intent": "Greeting",
      "entities": []
    },
    {
      "text": "Hola",
      "intent": "Greeting",
      "entities": []
    },
    {
      "text": "Cómo estás",
      "intent": "Greeting",
      "entities": []
    },
    {
      "text": "Cómo te va",
      "intent": "Greeting",
      "entities": []
    },
    {
      "text": "Ayuda",
      "intent": "Help",
      "entities": []
    },
    {
      "text": "Ayúdame",
      "intent": "Help",
      "entities": []
    },
    {
      "text": "ayuda por favor",
      "intent": "Help",
      "entities": []
    },
    {
      "text": "Estoy atascado",
      "intent": "Help",
      "entities": []
    },
    {
      "text": "No entiendo",
      "intent": "Help",
      "entities": []
    },
    {
      "text": "Qué puedo decir",
      "intent": "Help",
      "entities": []
    },
    {
      "text": "¿Qué me puede ayudar con",
      "intent": "Help",
      "entities": []
    },
    {
      "text": "¿Qué puedes hacer",
      "intent": "Help",
      "entities": []
    },
    {
      "text": "¿Qué hago ahora",
      "intent": "Help",
      "entities": []
    },
    {
      "text": "¿por qué no funciona esto",
      "intent": "Help",
      "entities": []
    },
    {
      "text": "Me puedes ayudar",
      "intent": "Help",
      "entities": []
    },
    {
      "text": "Parada",
      "intent": "Cancel",
      "entities": []
    },
    {
      "text": "Aborta",
      "intent": "Cancel",
      "entities": []
    },
    {
      "text": "Cancelar",
      "intent": "Cancel",
      "entities": []
    },
    {
      "text": "Desprecio",
      "intent": "Cancel",
      "entities": []
    },
    {
      "text": "No",
      "intent": "Cancel",
      "entities": []
    },
    {
      "text": "No lo hagas",
      "intent": "Cancel",
      "entities": []
    },
    {
      "text": "No hagas eso",
      "intent": "Cancel",
      "entities": []
    },
    {
      "text": "me gustaría cancelar",
      "intent": "Cancel",
      "entities": []
    },
    {
      "text": "Olvídalo",
      "intent": "Cancel",
      "entities": []
    },
    {
      "text": "por favor, pare",
      "intent": "Cancel",
      "entities": []
    },
    {
      "text": "puedo hacer eso de nuevo",
      "intent": "Restart",
      "entities": []
    },
    {
      "text": "Volver",
      "intent": "Restart",
      "entities": []
    },
    {
      "text": "Necesito cambiar algo",
      "intent": "Restart",
      "entities": []
    },
    {
      "text": "Reiniciar",
      "intent": "Restart",
      "entities": []
    },
    {
      "text": "empezar de",
      "intent": "Restart",
      "entities": []
    },
    {
      "text": "Deshacer",
      "intent": "Restart",
      "entities": []
    },
    {
      "text": "¿puedo hablar con una persona",
      "intent": "Escalate",
      "entities": []
    },
    {
      "text": "Quiero hablar con un humano",
      "intent": "Escalate",
      "entities": []
    },
    {
      "text": "hablar con un humano",
      "intent": "Escalate",
      "entities": []
    },
    {
      "text": "Transfiera me por favor",
      "intent": "Escalate",
      "entities": []
    },
    {
      "text": "soporte de contacto",
      "intent": "Escalate",
      "entities": []
    },
    {
      "text": "Absolutamente",
      "intent": "ConfirmYes",
      "entities": []
    },
    {
      "text": "Seguro",
      "intent": "ConfirmYes",
      "entities": []
    },
    {
      "text": "Definitivamente",
      "intent": "ConfirmYes",
      "entities": []
    },
    {
      "text": "Seguro",
      "intent": "ConfirmYes",
      "entities": []
    },
    {
      "text": "Eso creo",
      "intent": "ConfirmYes",
      "entities": []
    },
    {
      "text": "Hagámoslo",
      "intent": "ConfirmYes",
      "entities": []
    },
    {
      "text": "vamos a hacer eso",
      "intent": "ConfirmYes",
      "entities": []
    },
    {
      "text": "Venga, sí",
      "intent": "ConfirmYes",
      "entities": []
    },
    {
      "text": "Sí, por favor",
      "intent": "ConfirmYes",
      "entities": []
    },
    {
      "text": "Bien",
      "intent": "ConfirmYes",
      "entities": []
    },
    {
      "text": "Vale",
      "intent": "ConfirmYes",
      "entities": []
    },
    {
      "text": "Claro",
      "intent": "ConfirmYes",
      "entities": []
    },
    {
      "text": "Sí",
      "intent": "ConfirmYes",
      "entities": []
    },
    {
      "text": "sí que sería genial gracias",
      "intent": "ConfirmYes",
      "entities": []
    },
    {
      "text": "Por qué no",
      "intent": "ConfirmYes",
      "entities": []
    },
    {
      "text": "sí que es cierto",
      "intent": "ConfirmYes",
      "entities": []
    },
    {
      "text": "Sí",
      "intent": "ConfirmYes",
      "entities": []
    },
    {
      "text": "de ninguna manera",
      "intent": "ConfirmNo",
      "entities": []
    },
    {
      "text": "Cerca",
      "intent": "ConfirmNo",
      "entities": []
    },
    {
      "text": "No",
      "intent": "ConfirmNo",
      "entities": []
    },
    {
      "text": "No, gracias",
      "intent": "ConfirmNo",
      "entities": []
    },
    {
      "text": "no",
      "intent": "ConfirmNo",
      "entities": []
    },
    {
      "text": "no está bien",
      "intent": "ConfirmNo",
      "entities": []
    },
    {
      "text": "No es posible",
      "intent": "ConfirmNo",
      "entities": []
    },
    {
      "text": "De nada",
      "intent": "ConfirmNo",
      "entities": []
    },
    {
      "text": "La verdad es que no",
      "intent": "ConfirmNo",
      "entities": []
    },
    {
      "text": "ahora no gracias",
      "intent": "ConfirmNo",
      "entities": []
    },
    {
      "text": "Más",
      "intent": "ConfirmMore",
      "entities": []
    },
    {
      "text": "me gustaría saber más",
      "intent": "ConfirmMore",
      "entities": []
    },
    {
      "text": "Muéstrame más",
      "intent": "ConfirmMore",
      "entities": []
    },
    {
      "text": "Más",
      "intent": "ConfirmMore",
      "entities": []
    },
    {
      "text": "más info",
      "intent": "ConfirmMore",
      "entities": []
    },
    {
      "text": "más información",
      "intent": "ConfirmMore",
      "entities": []
    },
    {
      "text": "Avanzan",
      "intent": "Next",
      "entities": []
    },
    {
      "text": "seguir adelante",
      "intent": "Next",
      "entities": []
    },
    {
      "text": "ir al siguiente",
      "intent": "Next",
      "entities": []
    },
    {
      "text": "Próxima",
      "intent": "Next",
      "entities": []
    },
    {
      "text": "siguiente elemento",
      "intent": "Next",
      "entities": []
    },
    {
      "text": "Mostrar siguiente",
      "intent": "Next",
      "entities": []
    },
    {
      "text": "Buenas noches",
      "intent": "Goodbye",
      "entities": []
    },
    {
      "text": "Adiós",
      "intent": "Goodbye",
      "entities": []
    },
    {
      "text": "Adiós",
      "intent": "Goodbye",
      "entities": []
    },
    {
      "text": "Gracias",
      "intent": "Goodbye",
      "entities": []
    },
    {
      "text": "Bueno adiós",
      "intent": "Goodbye",
      "entities": []
    },
    {
      "text": "eso es todo gracias",
      "intent": "Goodbye",
      "entities": []
    },
    {
      "text": "mi botella de agua es verde",
      "intent": "None",
      "entities": []
    },
    {
      "text": "a las tortugas les gusta nadar en el océano",
      "intent": "None",
      "entities": []
    },
    {
      "text": "aviones de papel en el cielo",
      "intent": "None",
      "entities": []
    }
  ],
  "patterns": [],
  "patternAnyEntities": [],
  "prebuiltEntities": [
    {
      "name": "datetimeV2",
      "roles": []
    },
    {
      "name": "number",
      "roles": []
    }
  ],
  "luis_schema_version": "3.0.0",
  "versionId": "0.1",
  "name": "general",
  "desc": "",
  "culture": "es-es"
}