{
    "type": "AdaptiveCard",
    "body": [
        {
            "type": "Container",
            "items": [
                {
                    "type": "ColumnSet",
                    "id": "TopContainer",
                    "columns": [
                        {
                            "type": "Column",
                            "items": [
                                {
                                    "type": "Image",
                                    "style": "Person",
                                    "url": "https://cloudhostingindonesia.com/wp-content/uploads/2017/12/Microsoft-Luncurkan-Azure-Bot-Service.png",
                                    "size": "Small"
                                }
                            ],
                            "width": "auto"
                        },
                        {
                            "type": "Column",
                            "items": [
                                {
                                    "type": "TextBlock",
                                    "horizontalAlignment": "Left",
                                    "height": "stretch",
                                    "size": "Large",
                                    "weight": "Bolder",
                                    "color": "Accent",
                                    "text": "Welcome to Bot Framework"
                                }
                            ],
                            "width": "stretch"
                        }
                    ]
                }
            ]
        },
        {
            "type": "TextBlock",
            "size": "Medium",
            "text": "Now that you successfully ran your bot, you can use this Adaptive Card to further expand your knowledge of Bot Framework.",
            "wrap": true,
            "maxLines": 2
        },
        {
            "type": "Container",
            "items": [
                {
                    "type": "ColumnSet",
                    "id": "CallToActionTopContainer",
                    "columns": [
                        {
                            "type": "Column",
                            "id": "LearnMore",
                            "items": [
                                {
                                    "type": "Container",
                                    "items": [
                                        {
                                            "type": "ColumnSet",
                                            "id": "LearnMoreText",
                                            "columns": [
                                                {
                                                    "type": "Column",
                                                    "items": [
                                                        {
                                                            "type": "TextBlock",
                                                            "text": "Learn more about building conversational application",
                                                            "wrap": "true"
                                                        },
                                                        {
                                                            "type": "ActionSet",
                                                            "height": "stretch",
                                                            "actions": [
                                                                {
                                                                    "type": "Action.OpenUrl",
                                                                    "title": "Learn more",
                                                                    "url": "https://docs.microsoft.com/en-us/azure/bot-service/?view=azure-bot-service-4.0"
                                                                }
                                                            ]
                                                        }
                                                    ],
                                                    "width": "stretch"
                                                },
                                                {
                                                    "type": "Column",
                                                    "items": [
                                                        {
                                                            "type": "TextBlock",
                                                            "text": "Need help, the Bot Framework community on Stack Overflow",
                                                            "wrap": "true"
                                                        },
                                                        {
                                                            "type": "ActionSet",
                                                            "height": "stretch",
                                                            "actions": [
                                                                {
                                                                    "type": "Action.OpenUrl",
                                                                    "title": "Ask a question",
                                                                    "url": "https://stackoverflow.com/questions/tagged/botframework"
                                                                }
                                                            ]
                                                        }
                                                    ],
                                                    "width": "stretch"
                                                },
                                                {
                                                    "type": "Column",
                                                    "items": [
                                                        {
                                                            "type": "TextBlock",
                                                            "horizontalAlignment": "Left",
                                                            "spacing": "None",
                                                            "text": "Time to deploy your bot to Azure Bot Service",
                                                            "wrap": "true"
                                                        },
                                                        {
                                                            "type": "ActionSet",
                                                            "height": "stretch",
                                                            "actions": [
                                                                {
                                                                    "type": "Action.OpenUrl",
                                                                    "title": "Learn how to deploy",
                                                                    "url": "https://docs.microsoft.com/en-us/azure/bot-service/bot-builder-howto-deploy-azure?view=azure-bot-service-4.0"
                                                                }
                                                            ]
                                                        }
                                                    ],
                                                    "width": "stretch"
                                                }
                                            ]
                                        }
                                    ]
                                }
                            ],
                            "width": "stretch"
                        }
                    ]
                }
            ]
        }
    ],
    "version": "1.0"
}