{
  "intents": [
    {
      "name": "Greeting"
    },
    {
      "name": "Help"
    },
    {
      "name": "Cancel"
    },
    {
      "name": "Restart"
    },
    {
      "name": "Escalate"
    },
    {
      "name": "ConfirmYes"
    },
    {
      "name": "ConfirmNo"
    },
    {
      "name": "ConfirmMore"
    },
    {
      "name": "Next"
    },
    {
      "name": "Goodbye"
    },
    {
      "name": "None"
    }
  ],
  "entities": [],
  "composites": [],
  "closedLists": [],
  "regex_entities": [],
  "model_features": [],
  "regex_features": [],
  "utterances": [
    {
      "text": "Ciao",
      "intent": "Greeting",
      "entities": []
    },
    {
      "text": "Ciao",
      "intent": "Greeting",
      "entities": []
    },
    {
      "text": "Buongiorno",
      "intent": "Greeting",
      "entities": []
    },
    {
      "text": "Buona sera",
      "intent": "Greeting",
      "entities": []
    },
    {
      "text": "Ciao bot",
      "intent": "Greeting",
      "entities": []
    },
    {
      "text": "Ciao",
      "intent": "Greeting",
      "entities": []
    },
    {
      "text": "Come stai",
      "intent": "Greeting",
      "entities": []
    },
    {
      "text": "Come stai oggi",
      "intent": "Greeting",
      "entities": []
    },
    {
      "text": "Guida",
      "intent": "Help",
      "entities": []
    },
    {
      "text": "Aiutami",
      "intent": "Help",
      "entities": []
    },
    {
      "text": "aiuto per favore",
      "intent": "Help",
      "entities": []
    },
    {
      "text": "sono bloccato",
      "intent": "Help",
      "entities": []
    },
    {
      "text": "Non capisco",
      "intent": "Help",
      "entities": []
    },
    {
      "text": "cosa posso dire",
      "intent": "Help",
      "entities": []
    },
    {
      "text": "cosa mi può aiutare con",
      "intent": "Help",
      "entities": []
    },
    {
      "text": "Cosa potete fare",
      "intent": "Help",
      "entities": []
    },
    {
      "text": "cosa devo fare ora",
      "intent": "Help",
      "entities": []
    },
    {
      "text": "perché non questo lavoro",
      "intent": "Help",
      "entities": []
    },
    {
      "text": "Puoi aiutarmi",
      "intent": "Help",
      "entities": []
    },
    {
      "text": "Fermare",
      "intent": "Cancel",
      "entities": []
    },
    {
      "text": "Interrompere",
      "intent": "Cancel",
      "entities": []
    },
    {
      "text": "Annulla",
      "intent": "Cancel",
      "entities": []
    },
    {
      "text": "Ignorare",
      "intent": "Cancel",
      "entities": []
    },
    {
      "text": "Non",
      "intent": "Cancel",
      "entities": []
    },
    {
      "text": "Non farlo",
      "intent": "Cancel",
      "entities": []
    },
    {
      "text": "Non farlo",
      "intent": "Cancel",
      "entities": []
    },
    {
      "text": "Vorrei annullare",
      "intent": "Cancel",
      "entities": []
    },
    {
      "text": "Non importa",
      "intent": "Cancel",
      "entities": []
    },
    {
      "text": "si prega di smettere",
      "intent": "Cancel",
      "entities": []
    },
    {
      "text": "Posso farlo di nuovo",
      "intent": "Restart",
      "entities": []
    },
    {
      "text": "Indietro",
      "intent": "Restart",
      "entities": []
    },
    {
      "text": "Ho bisogno di cambiare qualcosa",
      "intent": "Restart",
      "entities": []
    },
    {
      "text": "Riavviare",
      "intent": "Restart",
      "entities": []
    },
    {
      "text": "ricominciare",
      "intent": "Restart",
      "entities": []
    },
    {
      "text": "Annulla",
      "intent": "Restart",
      "entities": []
    },
    {
      "text": "Posso parlare con una persona",
      "intent": "Escalate",
      "entities": []
    },
    {
      "text": "Voglio parlare con un umano",
      "intent": "Escalate",
      "entities": []
    },
    {
      "text": "parlare con un essere umano",
      "intent": "Escalate",
      "entities": []
    },
    {
      "text": "Transfer me please",
      "intent": "Escalate",
      "entities": []
    },
    {
      "text": "Contatta il supporto",
      "intent": "Escalate",
      "entities": []
    },
    {
      "text": "Assolutamente",
      "intent": "ConfirmYes",
      "entities": []
    },
    {
      "text": "Sicuro",
      "intent": "ConfirmYes",
      "entities": []
    },
    {
      "text": "Sicuramente",
      "intent": "ConfirmYes",
      "entities": []
    },
    {
      "text": "Di sicuro",
      "intent": "ConfirmYes",
      "entities": []
    },
    {
      "text": "Credo di sì",
      "intent": "ConfirmYes",
      "entities": []
    },
    {
      "text": "Facciamolo",
      "intent": "ConfirmYes",
      "entities": []
    },
    {
      "text": "Facciamolo",
      "intent": "ConfirmYes",
      "entities": []
    },
    {
      "text": "Oh sì",
      "intent": "ConfirmYes",
      "entities": []
    },
    {
      "text": "Sì per favore",
      "intent": "ConfirmYes",
      "entities": []
    },
    {
      "text": "Okk",
      "intent": "ConfirmYes",
      "entities": []
    },
    {
      "text": "Ok",
      "intent": "ConfirmYes",
      "entities": []
    },
    {
      "text": "cosa sicura",
      "intent": "ConfirmYes",
      "entities": []
    },
    {
      "text": "Sì",
      "intent": "ConfirmYes",
      "entities": []
    },
    {
      "text": "sì che sarebbe grande grazie",
      "intent": "ConfirmYes",
      "entities": []
    },
    {
      "text": "Perché no",
      "intent": "ConfirmYes",
      "entities": []
    },
    {
      "text": "Yep che è di destra",
      "intent": "ConfirmYes",
      "entities": []
    },
    {
      "text": "Yup",
      "intent": "ConfirmYes",
      "entities": []
    },
    {
      "text": "In nessun modo",
      "intent": "ConfirmNo",
      "entities": []
    },
    {
      "text": "Vicino",
      "intent": "ConfirmNo",
      "entities": []
    },
    {
      "text": "No",
      "intent": "ConfirmNo",
      "entities": []
    },
    {
      "text": "No grazie",
      "intent": "ConfirmNo",
      "entities": []
    },
    {
      "text": "No",
      "intent": "ConfirmNo",
      "entities": []
    },
    {
      "text": "No va bene",
      "intent": "ConfirmNo",
      "entities": []
    },
    {
      "text": "Assolutamente no",
      "intent": "ConfirmNo",
      "entities": []
    },
    {
      "text": "Niente affatto",
      "intent": "ConfirmNo",
      "entities": []
    },
    {
      "text": "Non proprio",
      "intent": "ConfirmNo",
      "entities": []
    },
    {
      "text": "non in questo momento grazie",
      "intent": "ConfirmNo",
      "entities": []
    },
    {
      "text": "Più",
      "intent": "ConfirmMore",
      "entities": []
    },
    {
      "text": "Mi piacerebbe sapere di più",
      "intent": "ConfirmMore",
      "entities": []
    },
    {
      "text": "Mostrami di più",
      "intent": "ConfirmMore",
      "entities": []
    },
    {
      "text": "Più",
      "intent": "ConfirmMore",
      "entities": []
    },
    {
      "text": "più informazioni",
      "intent": "ConfirmMore",
      "entities": []
    },
    {
      "text": "maggiori informazioni",
      "intent": "ConfirmMore",
      "entities": []
    },
    {
      "text": "Anticipo",
      "intent": "Next",
      "entities": []
    },
    {
      "text": "andare avanti",
      "intent": "Next",
      "entities": []
    },
    {
      "text": "Vai al prossimo",
      "intent": "Next",
      "entities": []
    },
    {
      "text": "Prossima",
      "intent": "Next",
      "entities": []
    },
    {
      "text": "articolo successivo",
      "intent": "Next",
      "entities": []
    },
    {
      "text": "Mostra successivo",
      "intent": "Next",
      "entities": []
    },
    {
      "text": "Buona notte",
      "intent": "Goodbye",
      "entities": []
    },
    {
      "text": "Addio",
      "intent": "Goodbye",
      "entities": []
    },
    {
      "text": "Ciao",
      "intent": "Goodbye",
      "entities": []
    },
    {
      "text": "Ok grazie",
      "intent": "Goodbye",
      "entities": []
    },
    {
      "text": "Ok ciao",
      "intent": "Goodbye",
      "entities": []
    },
    {
      "text": "Questo è tutto grazie",
      "intent": "Goodbye",
      "entities": []
    },
    {
      "text": "la mia bottiglia d'acqua è verde",
      "intent": "None",
      "entities": []
    },
    {
      "text": "le tartarughe amano nuotare nell'oceano",
      "intent": "None",
      "entities": []
    },
    {
      "text": "aerei di carta nel cielo",
      "intent": "None",
      "entities": []
    }
  ],
  "patterns": [],
  "patternAnyEntities": [],
  "prebuiltEntities": [
    {
      "name": "datetime",
      "roles": []
    },
    {
      "name": "number",
      "roles": []
    }
  ],
  "luis_schema_version": "3.0.0",
  "versionId": "0.1",
  "name": "general",
  "desc": "",
  "culture": "it-it"
}