{
  "intents": [
    {
      "name": "Greeting"
    },
    {
      "name": "Help"
    },
    {
      "name": "Cancel"
    },
    {
      "name": "Restart"
    },
    {
      "name": "Escalate"
    },
    {
      "name": "ConfirmYes"
    },
    {
      "name": "ConfirmNo"
    },
    {
      "name": "ConfirmMore"
    },
    {
      "name": "Next"
    },
    {
      "name": "Goodbye"
    },
    {
      "name": "None"
    }
  ],
  "entities": [],
  "composites": [],
  "closedLists": [],
  "regex_entities": [],
  "model_features": [],
  "regex_features": [],
  "utterances": [
    {
      "text": "Hallo",
      "intent": "Greeting",
      "entities": []
    },
    {
      "text": "Hallo",
      "intent": "Greeting",
      "entities": []
    },
    {
      "text": "Guten Morgen",
      "intent": "Greeting",
      "entities": []
    },
    {
      "text": "Guten Abend",
      "intent": "Greeting",
      "entities": []
    },
    {
      "text": "hello bot",
      "intent": "Greeting",
      "entities": []
    },
    {
      "text": "Hiya",
      "intent": "Greeting",
      "entities": []
    },
    {
      "text": "Wie geht es dir",
      "intent": "Greeting",
      "entities": []
    },
    {
      "text": "Wie geht es dir heute",
      "intent": "Greeting",
      "entities": []
    },
    {
      "text": "Hilfe",
      "intent": "Help",
      "entities": []
    },
    {
      "text": "Hilf mir",
      "intent": "Help",
      "entities": []
    },
    {
      "text": "Hilfe bitte",
      "intent": "Help",
      "entities": []
    },
    {
      "text": "ich stecke",
      "intent": "Help",
      "entities": []
    },
    {
      "text": "Ich kann Sie nicht verstehen",
      "intent": "Help",
      "entities": []
    },
    {
      "text": "Was soll ich sagen",
      "intent": "Help",
      "entities": []
    },
    {
      "text": "Was können Sie mir helfen",
      "intent": "Help",
      "entities": []
    },
    {
      "text": "Was können Sie tun",
      "intent": "Help",
      "entities": []
    },
    {
      "text": "Was mache ich jetzt",
      "intent": "Help",
      "entities": []
    },
    {
      "text": "Warum funktioniert das nicht",
      "intent": "Help",
      "entities": []
    },
    {
      "text": "Kannst du mir helfen",
      "intent": "Help",
      "entities": []
    },
    {
      "text": "Stoppen",
      "intent": "Cancel",
      "entities": []
    },
    {
      "text": "Abbrechen",
      "intent": "Cancel",
      "entities": []
    },
    {
      "text": "Abbrechen",
      "intent": "Cancel",
      "entities": []
    },
    {
      "text": "Ignorieren",
      "intent": "Cancel",
      "entities": []
    },
    {
      "text": "Tue nicht",
      "intent": "Cancel",
      "entities": []
    },
    {
      "text": "machen es nicht",
      "intent": "Cancel",
      "entities": []
    },
    {
      "text": "Tu das nicht",
      "intent": "Cancel",
      "entities": []
    },
    {
      "text": "Ich möchte absagen",
      "intent": "Cancel",
      "entities": []
    },
    {
      "text": "Vergessen Sie es",
      "intent": "Cancel",
      "entities": []
    },
    {
      "text": "Bitte stoppen",
      "intent": "Cancel",
      "entities": []
    },
    {
      "text": "kann ich das noch einmal machen",
      "intent": "Restart",
      "entities": []
    },
    {
      "text": "Zurück",
      "intent": "Restart",
      "entities": []
    },
    {
      "text": "Ich muss etwas ändern",
      "intent": "Restart",
      "entities": []
    },
    {
      "text": "Neu starten",
      "intent": "Restart",
      "entities": []
    },
    {
      "text": "Start über",
      "intent": "Restart",
      "entities": []
    },
    {
      "text": "Rückgängig",
      "intent": "Restart",
      "entities": []
    },
    {
      "text": "kann ich mit einer Person sprechen",
      "intent": "Escalate",
      "entities": []
    },
    {
      "text": "Ich möchte mit einem Menschen sprechen",
      "intent": "Escalate",
      "entities": []
    },
    {
      "text": "sprechen Sie mit einem Menschen",
      "intent": "Escalate",
      "entities": []
    },
    {
      "text": "Transfer me please",
      "intent": "Escalate",
      "entities": []
    },
    {
      "text": "Kontakt Unterstützung",
      "intent": "Escalate",
      "entities": []
    },
    {
      "text": "Absolut",
      "intent": "ConfirmYes",
      "entities": []
    },
    {
      "text": "Sicher",
      "intent": "ConfirmYes",
      "entities": []
    },
    {
      "text": "Definitiv",
      "intent": "ConfirmYes",
      "entities": []
    },
    {
      "text": "Sicher",
      "intent": "ConfirmYes",
      "entities": []
    },
    {
      "text": "Ich denke schon",
      "intent": "ConfirmYes",
      "entities": []
    },
    {
      "text": "Lass es uns tun",
      "intent": "ConfirmYes",
      "entities": []
    },
    {
      "text": "machen wir das",
      "intent": "ConfirmYes",
      "entities": []
    },
    {
      "text": "Oh ja",
      "intent": "ConfirmYes",
      "entities": []
    },
    {
      "text": "Ja, bitte",
      "intent": "ConfirmYes",
      "entities": []
    },
    {
      "text": "Okay",
      "intent": "ConfirmYes",
      "entities": []
    },
    {
      "text": "Okay",
      "intent": "ConfirmYes",
      "entities": []
    },
    {
      "text": "sichere Sache",
      "intent": "ConfirmYes",
      "entities": []
    },
    {
      "text": "Ja",
      "intent": "ConfirmYes",
      "entities": []
    },
    {
      "text": "Ja, das wäre ein großer Dank",
      "intent": "ConfirmYes",
      "entities": []
    },
    {
      "text": "Warum nicht",
      "intent": "ConfirmYes",
      "entities": []
    },
    {
      "text": "Yep that es Right",
      "intent": "ConfirmYes",
      "entities": []
    },
    {
      "text": "Yup",
      "intent": "ConfirmYes",
      "entities": []
    },
    {
      "text": "Keineswegs",
      "intent": "ConfirmNo",
      "entities": []
    },
    {
      "text": "nah",
      "intent": "ConfirmNo",
      "entities": []
    },
    {
      "text": "Nö",
      "intent": "ConfirmNo",
      "entities": []
    },
    {
      "text": "Nein, danke",
      "intent": "ConfirmNo",
      "entities": []
    },
    {
      "text": "Nein",
      "intent": "ConfirmNo",
      "entities": []
    },
    {
      "text": "Nein, das ist okay",
      "intent": "ConfirmNo",
      "entities": []
    },
    {
      "text": "Auf keinen Fall",
      "intent": "ConfirmNo",
      "entities": []
    },
    {
      "text": "Überhaupt nicht",
      "intent": "ConfirmNo",
      "entities": []
    },
    {
      "text": "Nicht wirklich",
      "intent": "ConfirmNo",
      "entities": []
    },
    {
      "text": "nicht gerade jetzt dank",
      "intent": "ConfirmNo",
      "entities": []
    },
    {
      "text": "Mehr",
      "intent": "ConfirmMore",
      "entities": []
    },
    {
      "text": "Ich möchte mehr wissen",
      "intent": "ConfirmMore",
      "entities": []
    },
    {
      "text": "Zeige mir mehr",
      "intent": "ConfirmMore",
      "entities": []
    },
    {
      "text": "Mehr",
      "intent": "ConfirmMore",
      "entities": []
    },
    {
      "text": "Weitere Infos",
      "intent": "ConfirmMore",
      "entities": []
    },
    {
      "text": "Weitere Informationen",
      "intent": "ConfirmMore",
      "entities": []
    },
    {
      "text": "Voraus",
      "intent": "Next",
      "entities": []
    },
    {
      "text": "vorwärts gehen",
      "intent": "Next",
      "entities": []
    },
    {
      "text": "gehen Sie zum nächsten",
      "intent": "Next",
      "entities": []
    },
    {
      "text": "Nächsten",
      "intent": "Next",
      "entities": []
    },
    {
      "text": "nächsten Punkt",
      "intent": "Next",
      "entities": []
    },
    {
      "text": "Show Next",
      "intent": "Next",
      "entities": []
    },
    {
      "text": "Gute Nacht",
      "intent": "Goodbye",
      "entities": []
    },
    {
      "text": "Goodbye",
      "intent": "Goodbye",
      "entities": []
    },
    {
      "text": "Auf Wiedersehen",
      "intent": "Goodbye",
      "entities": []
    },
    {
      "text": "Ok danke",
      "intent": "Goodbye",
      "entities": []
    },
    {
      "text": "Ok tschüss",
      "intent": "Goodbye",
      "entities": []
    },
    {
      "text": "Das ist es dank",
      "intent": "Goodbye",
      "entities": []
    },
    {
      "text": "meine Wasserflasche ist grün",
      "intent": "None",
      "entities": []
    },
    {
      "text": "Schildkröten Schwimmen gerne im Ozean",
      "intent": "None",
      "entities": []
    },
    {
      "text": "papierflugzeuge am Himmel",
      "intent": "None",
      "entities": []
    }
  ],
  "patterns": [],
  "patternAnyEntities": [],
  "prebuiltEntities": [
    {
      "name": "datetime",
      "roles": []
    },
    {
      "name": "number",
      "roles": []
    }
  ],
  "luis_schema_version": "3.0.0",
  "versionId": "0.1",
  "name": "general",
  "desc": "",
  "culture": "de-de"
}