﻿{
  "type": "AdaptiveCard",
  "horizontalAlignment": "Center",
  "separator": true,
  "height": "stretch",
  "body": [
    {
      "type": "ColumnSet",
      "horizontalAlignment": "Center",
      "spacing": "Large",
      "height": "stretch",
      "columns": [
        {
          "type": "Column",
          "spacing": "Large",
          "items": [
            {
              "type": "TextBlock",
              "size": "ExtraLarge",
              "weight": "Bolder",
              "text": "Contoso Cafe"
            },
            {
              "type": "TextBlock",
              "size": "Small",
              "text": "Hello, I'm the Contoso Cafe Bot. I can book a table, have a casual conversation, answer questions you might have about contoso cafe and more..",
              "wrap": true
            }
          ],
          "width": "auto"
        },
        {
          "type": "Column",
          "spacing": "Small",
          "items": [
            {
              "type": "Image",
              "horizontalAlignment": "Center",
              "url": "http://contosocafeontheweb.azurewebsites.net/assets/contoso_logo_black.png",
              "size": "Medium"
            }
          ],
          "width": "auto"
        }
      ]
    },
    {
      "type": "Input.ChoiceSet",
      "id": "query",
      "placeholder": "Choose an example of what you can say: ",
      "choices": [
        {
          "title": "book a table for 2 in seattle",
          "value": " {\"intent\": \"Book_Table\", \"cafeLocation\": \"seattle\", \"number\": \"2\", \"text\": \"book a table for 2 in seattle\"}"
        },
        {
          "title": "tell me a joke",
          "value": "{\"intent\": \"ChitChat\", \"text\": \"tell me a joke\"}"
        },
        {
          "title": "Who are you?",
          "value": "{\"intent\": \"Who_are_you\", \"text\": \"Who are you?\"}"
        },
        {
          "title": "Where can I get coffee?",
          "value": "{\"intent\": \"Find_Cafe_Locations\", \"text\": \"Where can I get coffee?\"}"
        },
        {
          "title": "Do you offer free wifi",
          "value": "{\"intent\": \"QnA\", \"text\": \"Do you offer free wifi\"}"
        }
      ]
    }
  ],
  "actions": [
    {
      "type": "Action.Submit",
      "title": "Let's talk!",
      "data": {
        "intent": "What_can_you_do"
      }
    }
  ],
  "$schema": "http://adaptivecards.io/schemas/adaptive-card.json",
  "version": "1.0"
}